{"cameraMode":{"drawMode":0,"name":"Shaded","section":"Shading Mode"},"sceneLighting":false,"audioPlay":false,"sceneViewState":{"showFog":true,"showMaterialUpdate":false,"showSkybox":true,"showFlares":true,"showImageEffects":true,"showParticleSystems":true},"in2DMode":false,"pivot":{"x":-0.0816049575805664,"y":-1.0948785543441773,"z":0.11416399478912354},"rotation":{"x":0.1755673587322235,"y":0.4907846748828888,"z":-0.10169094055891037,"w":0.8473284840583801},"size":6.9024810791015629,"orthographic":false}