{"cameraMode":{"drawMode":0,"name":"Shaded","section":"Shading Mode"},"sceneLighting":false,"audioPlay":false,"sceneViewState":{"showFog":true,"showMaterialUpdate":false,"showSkybox":true,"showFlares":true,"showImageEffects":true,"showParticleSystems":true},"in2DMode":false,"pivot":{"x":0.15825188159942628,"y":0.9225957989692688,"z":0.033847928047180179},"rotation":{"x":0.15588486194610597,"y":0.5592454671859741,"z":-0.10802381485700607,"w":0.8070162534713745},"size":8.971612930297852,"orthographic":false}